{"count":1,"self":1304.1138687999999,"total":7820.9823367,"children":{"InitializeActuators":{"count":258,"self":0.0010007,"total":0.0010007,"children":null},"InitializeSensors":{"count":258,"self":0.0030038,"total":0.0030038,"children":null},"AgentSendState":{"count":345656,"self":1689.8706432,"total":2069.4876111,"children":{"CollectObservations":{"count":17842764,"self":32.0731616,"total":32.0731621,"children":null},"WriteActionMask":{"count":17842764,"self":6.0367783999999993,"total":6.0367785,"children":null},"RequestDecision":{"count":17842764,"self":28.2012832,"total":341.50701419999996,"children":{"AgentInfo.ToProto":{"count":17842764,"self":23.061409599999998,"total":313.30573169999997,"children":{"GenerateSensorData":{"count":17842764,"self":163.55889919999998,"total":290.2443226,"children":{"RayPerceptionSensor.Perceive":{"count":35685528,"self":126.68542719999999,"total":126.68542559999999,"children":null}}}}}}}}},"DecideAction":{"count":345656,"self":4334.7304447999995,"total":4334.7304755,"children":null},"AgentAct":{"count":345656,"self":110.6929536,"total":110.6929529,"children":null},"AgentInfo.ToProto":{"count":66616,"self":0.2867419,"total":1.9519644999999999,"children":{"GenerateSensorData":{"count":66616,"self":1.0596952,"total":1.6652225999999999,"children":{"RayPerceptionSensor.Perceive":{"count":133232,"self":0.60552739999999994,"total":0.60552739999999994,"children":null}}}}}},"gauges":{"Football.CumulativeReward":{"count":66616,"max":1,"min":-1,"runningAverage":3.560883E-11,"value":1,"weightedAverage":0.05654914}},"metadata":{"timer_format_version":"0.1.0","start_time_seconds":"1716580406","unity_version":"2021.3.18f1","command_line_arguments":"C:\\Program Files\\Unity\\Hub\\Editor\\2021.3.18f1\\Editor\\Unity.exe -projectpath C:\\Users\\dadbc\\TFG_3D -useHub -hubIPC -cloudEnvironment production -licensingIpc LicenseClient-dadbc -hubSessionId cbda9bff-cbe3-4683-bba4-74f0594d71cd -accessToken LwId08GE567jOXBqX_e3wPRvXR2aje7Ott1tKEhlzRM006f","communication_protocol_version":"1.5.0","com.unity.ml-agents_version":"2.0.1","scene_name":"Football Solo","end_time_seconds":"1716588227"}}