{"count":1,"self":5491.9110655999993,"total":14045.8947735,"children":{"InitializeActuators":{"count":128,"self":0.0015042,"total":0.0015042,"children":null},"InitializeSensors":{"count":128,"self":0.0009991,"total":0.0009991,"children":null},"AgentSendState":{"count":750586,"self":40.058844799999996,"total":507.0750356,"children":{"CollectObservations":{"count":19215104,"self":334.98539519999997,"total":334.98540679999996,"children":null},"WriteActionMask":{"count":19215104,"self":5.938448,"total":5.9384481,"children":null},"RequestDecision":{"count":19215104,"self":22.965659199999997,"total":126.09233549999999,"children":{"AgentInfo.ToProto":{"count":19215104,"self":20.88972,"total":103.1266768,"children":{"GenerateSensorData":{"count":19215104,"self":82.23696,"total":82.236957199999992,"children":null}}}}}}},"DecideAction":{"count":750586,"self":5494.7459072,"total":5494.7460405,"children":null},"AgentAct":{"count":750586,"self":2551.61856,"total":2552.15912,"children":{"AgentInfo.ToProto":{"count":96000,"self":0.142572,"total":0.5405776,"children":{"GenerateSensorData":{"count":96000,"self":0.39800559999999996,"total":0.39800559999999996,"children":null}}}}}},"gauges":{"Walker.CumulativeReward":{"count":96000,"max":16.5227776,"min":-930.2918,"runningAverage":-517.2615,"value":0.764430344,"weightedAverage":-0.8832956}},"metadata":{"timer_format_version":"0.1.0","start_time_seconds":"1707664723","unity_version":"2021.3.18f1","command_line_arguments":"C:\\Program Files\\Unity\\Hub\\Editor\\2021.3.18f1\\Editor\\Unity.exe -projectpath C:\\Users\\dadbc\\TFG_3D -useHub -hubIPC -cloudEnvironment production -licensingIpc LicenseClient-dadbc -hubSessionId 2c843023-6354-4036-a29b-1128b7903b02 -accessToken Uo5_aUnQ7cfTB5pSE8te1myv8-Ay4UEu20qbzNLFxt4006f","communication_protocol_version":"1.5.0","com.unity.ml-agents_version":"2.0.1","scene_name":"Voley","end_time_seconds":"1707678768"}}